comment_text,id,toxic,severe_toxic,obscene,threat,insult,identity_hate
explanation why the edits made under my username hardcore metallica fan were reverted  they weren t vandalisms  just closure on some gas after i voted at new york dolls fac  and please don t remove the template from the talk page since i m retired now ,0000997932d777bf,0,0,0,0,0,0
d aww  he matches this background colour i m seemingly stuck with  thanks  talk january utc ,000103f0d9cfb60f,0,0,0,0,0,0
hey man  i m really not trying to edit war  it s just that this guy is constantly removing relevant information and talking to me through edits instead of my talk page  he seems to care more about the formatting than the actual info ,000113f07ec002fd,0,0,0,0,0,0
  more i can t make any real suggestions on improvement i wondered if the section statistics should be later on  or a subsection of types of accidents  i think the references may need tidying so that they are all in the exact same format ie date format etc  i can do that later on  if no one else does first if you have any preferences for formatting style on references or want to do it yourself please let me know there appears to be a backlog on articles for review so i guess there may be a delay until a reviewer turns up  it s listed in the relevant form eg wikipedia good article nominations  trans port ,0001b41b1c6bb37e,0,0,0,0,0,0
you  sir  are my hero  any chance you remember what page that s on ,0001d958c54c6e35,0,0,0,0,0,0
 congratulations from me as well  use the tools well  talk  ,00025465d4725e87,0,0,0,0,0,0
cock  suck before you piss around on my work,0002bcb3da6cb337,1,1,1,0,1,0
your vandalism to the matt shirvington article has been reverted please don t do it again  or you will be banned ,00031b1e95af7921,0,0,0,0,0,0
sorry if the word  nonsense  was offensive to you  anyway  i m not intending to write anything in the article wow they would jump on me for vandalism i m merely requesting that it be more encyclopedic so one can use it for school as a reference  i have been to the selective breeding page but it s almost a stub  it points to  animal breeding  which is a short messy article that gives you no info  there must be someone around with expertise in eugenics ,00037261f536c51d,0,0,0,0,0,0
alignment on this subject and which are contrary to those of dulithgow,00040093b2687caa,0,0,0,0,0,0
  fair use rationale for image wonju jpg  thanks for uploading image wonju jpg  i notice the image page specifies that the image is being used under fair use but there is no explanation or rationale as to why its use in wikipedia articles constitutes fair use  in addition to the boilerplate fair use template  you must also write out on the image description page a specific explanation or rationale for why using this image in each article is consistent with fair use please go to the image description page and edit it to include a fair use rationale if you have uploaded other fair use media  consider checking that you have specified the fair use rationale on those pages too  you can find a list of  image  pages you have edited by clicking on the my contributions link  it is located at the very top of any wikipedia page when you are logged in and then selecting image from the dropdown box  note that any fair use images uploaded after may and lacking such an explanation will be deleted one week after they have been uploaded  as described on criteria for speedy deletion  if you have any questions please ask them at the media copyright questions page  thank you talk contribs unspecified source for image wonju jpg  thanks for uploading image wonju jpg  i noticed that the file s description page currently doesn t specify who created the content  so the copyright status is unclear  if you did not create this file yourself  then you will need to specify the owner of the copyright  if you obtained it from a website  then a link to the website from which it was taken  together with a restatement of that website s terms of use of its content  is usually sufficient information  however  if the copyright holder is different from the website s publisher  then their copyright should also be acknowledged as well as adding the source  please add a proper copyright licensing tag if the file doesn t have one already  if you created took the picture  audio  or video then the  tag can be used to release it under the gfdl  if you believe the media meets the criteria at wikipedia fair use  use a tag such as  or one of the other tags listed at wikipedia image copyright tags fair use  see wikipedia image copyright tags for the full list of copyright tags that you can use if you have uploaded other files  consider checking that you have specified their source and tagged them  too  you can find a list of files you have uploaded by following this link unsourced and untagged images may be deleted one week after they have been tagged  as described on criteria for speedy deletion  if the image is copyrighted under a non free license  per wikipedia fair use  then the image will be deleted hours after if you have any questions please ask them at the media copyright questions page  thank you talk contribs ,0005300084f90edc,0,0,0,0,0,0
bbq be a man and lets discuss it maybe over the phone ,00054a5e18b50dd4,0,0,0,0,0,0
hey  what is it talk what is it  an exclusive group of some wp talibans who are good at destroying  self appointed purist who gang up any one who asks them questions abt their anti social and destructive  non  contribution at wp ask sityush to clean up his behavior than issue me nonsensical warnings ,0005c987bdfc9d4b,1,0,0,0,0,0
before you start throwing accusations and warnings at me  lets review the edit itself making ad hominem attacks isn t going to strengthen your argument  it will merely make it look like you are abusing your power as an admin now  the edit itself is relevant this is probably the single most talked about event int he news as of late  his absence is notable  since he is the only living ex president who did not attend  that s certainly more notable than his dedicating an aircracft carrier i intend to revert this edit  in hopes of attracting the attention of an admin that is willing to look at the issue itself  and not throw accusations around quite so liberally  perhaps  if you achieve a level of civility where you can do this  we can have a rational discussion on the topic and resolve the matter peacefully ,0006f16e4e9f292e,0,0,0,0,0,0
oh  and the girl above started her arguments with me  she stuck her nose where it doesn t belong  i believe the argument was between me and yvesnimmo  but like i said  the situation was settled and i apologized  thanks ,00070ef96486d6f9,0,0,0,0,0,0
 juelz santanas age  in juelz santana was years old  then came february th  which makes juelz turn making songs with the diplomats  the third neff to be signed to cam s label under roc a fella  in he was years old coming out with his own singles santana s town and down so yes  he is born in he really is  how could he be older then lloyd banks  and how could he be when his birthday passed  the homie neff is years old juelz death  god forbid if your thinking about that  equals go to your caculator and stop changing his year of birth  my god  ,00078f8ce7eb276d,0,0,0,0,0,0
bye  don t look  come or think of comming back  tosser ,0007e25b2121310b,1,0,0,0,0,0
redirect talk voydan pop georgiev  chernodrinski,000897889268bc93,0,0,0,0,0,0
the mitsurugi point made no sense why not argue to include hindi on ryo sakazaki s page to include more information ,0009801bd85e5806,0,0,0,0,0,0
don t mean to bother you i see that you re writing something regarding removing anything posted here and if you do oh well but if not and you can acctually discuss this with me then even better i d like to ask you to take a closer look at the premature wrestling deaths catagory and the men listed in it  surely these men belong together in some catagory  is there anything that you think we can do with the catagory besides delting it ,0009eaea3325de8c,0,0,0,0,0,0
 regarding your recent edits once again  please read wp filmplot before editing any more film articles your edits are simply not good  with entirely too many unnecessary details and very bad writing please stop before you do further damage the ,000b08c464718505,0,0,0,0,0,0
  good to know  about me  yeah  i m studying now  deepu ,000bfd0867774845,0,0,0,0,0,0
 snowflakes are not always symmetrical  under geometry it is stated that a snowflake always has six symmetric arms  this assertion is simply not true  according to kenneth libbrecht  the rather unattractive irregular crystals are by far the most common variety  http w its caltech edu  atomic snowcrystals myths myths htm perfection someone really need to take a look at his site and get facts off of it because i still see a decent number of falsities on this page forgive me im new at this and dont want to edit anything  ,000c0dfd995809fa,0,0,0,0,0,0
 the signpost september read this signpost in full  single page  unsubscribe ,000c6a3f0cd3ba8e,0,0,0,0,0,0
 re considering  st paragraph edit  i don t understand the reasons for  s recent edit of this article  not that i m sure that the data are necessarily wrong  rather  i m persuaded that the strategy of introducing academic honors in the first paragraph is an unhelpful approach to this specific subject i note that articles about other sitting justices have been similarly enhanced and i also believe those changes are no improvement  in support of my view that this edit should be reverted  i would invite anyone to re visit articles written about the following pairs of jurists a benjamin cardozo  a learned hand b john marshall harlan  b john marshall harlan ii  the question becomes  would the current version of the wikipedia article about any one of them  or either pair  be improved by academic credentials in the introductory paragraph i think not perhaps it helps to repeat a wry argument kathleen sullivan of stanford law makes when she suggests that some on the harvard law faculty wonder how antonin scalia avoided learning what others have managed to grasp about the processes of judging i would hope this anecdote gently illustrates the point  less humorous  but an even stronger argument is the one clarence thomas makes when he mentions wanting to return his law degree to yale at a minimum  i m questioning this edit it deserves to be reconsidered  ,000cfee90f50d471,0,0,0,0,0,0
radial symmetry several now extinct lineages included in the echinodermata were bilateral such as homostelea  or even asymmetrical such as cothurnocystis  stylophora ,000eefc67a2c930f,0,0,0,0,0,0
there s no need to apologize  a wikipedia article is made for reconciling knowledge about a subject from different sources  and you ve done history studies and not archaeology studies  i guess  i could scan the page  e mail it to you  and then you could ask someone to  trans late the page ,000f35deef84dc4a,0,0,0,0,0,0
yes  because the mother of the child in the case against michael jackson was studied in here motives and reasonings and judged upon her character just as harshly as wacko jacko himself don t tell me to ignore it and incriminate myself i am going to continue refuting the bull shit  that jayjg keeps throwing at me jun utc ,000ffab30195c5e1,0,0,0,0,0,0
  ok  but it will take a bit of work but i can t quite picture it  do you have an example i can base it on the duck  ,0010307a3a50a353,0,0,0,0,0,0
