Description,Test_ID,Functionality_Test_Case,User_Interface_Test_Case,Performance_Test_Case,Integration_Test_Case,Usability_Test_Case,Database_Test_Case,Security_Test_Case,User_Acceptance_Test_Case
Assess session management in landing page when user is navigating from the homepage to ensure an error message is displayed,1,0,1,1,1,1,0,0,1
Ensure user registration in user dashboard when user is logged in to ensure the transaction is processed within 2 seconds,2,0,1,0,0,0,1,0,0
Check profile update in admin panel when the system is under heavy load to ensure an error message is displayed,3,0,1,0,1,0,1,0,0
Assess data synchronization in user profile when input data is invalid to ensure the transaction is processed within 2 seconds,4,1,0,1,1,0,1,0,0
Validate payment processing in product listing when user is logged in to ensure data is encrypted for security,5,1,0,1,1,0,1,1,0
Validate data export in settings page when there are multiple sessions to ensure an error message is displayed,6,0,0,0,0,1,1,1,0
Check profile update in user profile when input data is invalid to ensure access is denied,7,1,0,0,1,1,0,1,0
Test file upload in user profile when there are multiple sessions to ensure data is correctly saved,8,0,0,1,1,0,0,0,0
Ensure search functionality in user dashboard when the system is under heavy load to ensure the session is terminated after inactivity,9,0,1,1,1,1,1,1,0
Verify data export in user profile when input data is invalid to ensure data is correctly saved,10,1,1,0,1,1,0,0,0
Check user registration in order summary when user is logged in to ensure the transaction is processed within 2 seconds,11,1,1,0,1,0,1,0,1
Test payment processing in transaction history when user has admin privileges to ensure user is redirected to the homepage,12,1,1,1,0,0,1,0,0
Verify email notification in landing page when the system is under heavy load to ensure user receives a confirmation email,13,1,1,1,0,1,1,1,1
Verify password reset in order summary when user is logged in to ensure user receives a confirmation email,14,0,0,0,1,0,0,1,0
Check report generation in admin panel when there are multiple sessions to ensure access is denied,15,1,0,0,1,0,0,0,1
Check data export in transaction history when user is navigating from the homepage to ensure access is denied,16,1,1,1,1,0,1,1,1
Validate data synchronization in admin panel when user has admin privileges to ensure the session is terminated after inactivity,17,0,0,0,1,1,1,0,1
Assess email notification in user dashboard when user is logged in to ensure user is redirected to the homepage,18,1,0,0,1,0,0,0,1
Assess payment processing in settings page when the system is under heavy load to ensure user receives a confirmation email,19,0,0,1,1,1,1,1,1
Verify profile update in landing page when input data is invalid to ensure user receives a confirmation email,20,0,1,1,0,0,0,1,0
Test profile update in settings page when user has admin privileges to ensure an error message is displayed,21,1,1,1,1,1,1,1,1
Ensure data export in transaction history when user is navigating from the homepage to ensure data is encrypted for security,22,0,1,0,1,0,0,0,0
Test login functionality in landing page when internet connection is slow to ensure data is encrypted for security,23,0,1,1,0,0,0,0,0
Assess report generation in settings page when input data is invalid to ensure user is redirected to the homepage,24,0,0,0,0,1,0,1,0
Verify password reset in help center when input data is invalid to ensure the session is terminated after inactivity,25,1,1,1,0,1,1,0,0
Assess session management in checkout page when user inputs special characters to ensure the session is terminated after inactivity,26,1,1,1,0,1,1,0,0
Validate session management in user profile when user inputs special characters to ensure data is correctly saved,27,1,0,0,0,0,0,1,0
Assess data export in checkout page when user has admin privileges to ensure data is correctly saved,28,1,0,1,1,1,0,1,1
Validate payment processing in transaction history when the system is under heavy load to ensure user receives a confirmation email,29,0,0,0,1,1,0,0,0
Assess login functionality in settings page when there are multiple sessions to ensure data is encrypted for security,30,1,0,0,1,1,1,1,1
Verify search functionality in help center when input data is invalid to ensure user receives a confirmation email,31,1,1,0,0,0,1,0,1
Check profile update in admin panel when the system is under heavy load to ensure the transaction is processed within 2 seconds,32,1,0,0,0,1,1,0,0
Assess login functionality in checkout page when user is navigating from the homepage to ensure data is correctly saved,33,1,1,0,1,0,1,0,0
Test report generation in order summary when there are multiple sessions to ensure data is correctly saved,34,1,1,1,1,1,1,1,0
Check payment processing in checkout page when the system is under heavy load to ensure user is redirected to the homepage,35,1,0,0,0,0,1,1,0
Test user registration in admin panel when user is navigating from the homepage to ensure an error message is displayed,36,1,1,1,0,1,0,0,0
Verify password reset in transaction history when user is logged in to ensure data is encrypted for security,37,0,0,1,0,0,0,1,0
Ensure profile update in help center when user has admin privileges to ensure an error message is displayed,38,0,0,0,1,0,1,0,1
Ensure email notification in help center when there are multiple sessions to ensure access is denied,39,1,1,1,1,0,0,1,0
Test email notification in help center when user has admin privileges to ensure an error message is displayed,40,0,1,1,0,0,1,1,0
Validate payment processing in transaction history when internet connection is slow to ensure access is denied,41,0,1,0,0,0,1,1,0
Test profile update in user profile when internet connection is slow to ensure user receives a confirmation email,42,0,1,0,1,0,1,1,0
Ensure login functionality in admin panel when user is navigating from the homepage to ensure user is redirected to the homepage,43,1,1,1,1,0,1,0,0
Test profile update in product listing when input data is invalid to ensure user receives a confirmation email,44,1,0,0,1,0,0,1,1
Verify payment processing in checkout page when internet connection is slow to ensure access is denied,45,0,1,0,1,1,0,1,1
Ensure data synchronization in checkout page when user inputs special characters to ensure user receives a confirmation email,46,1,1,1,1,0,0,0,0
Check report generation in help center when internet connection is slow to ensure access is denied,47,1,1,1,1,1,1,0,1
Verify profile update in user profile when user is navigating from the homepage to ensure data is correctly saved,48,1,1,0,0,1,0,0,0
Validate payment processing in landing page when input data is invalid to ensure the transaction is processed within 2 seconds,49,0,1,1,1,1,1,0,1
Validate data export in help center when user has admin privileges to ensure data is encrypted for security,50,1,0,0,0,0,1,0,1
Verify payment processing in admin panel when input data is invalid to ensure the transaction is processed within 2 seconds,51,0,1,1,1,1,1,0,0
Verify password reset in settings page when user is navigating from the homepage to ensure access is denied,52,0,1,0,0,0,1,0,0
Verify user registration in product listing when user is logged in to ensure user is redirected to the homepage,53,0,1,1,1,0,1,1,1
Test file upload in landing page when user has admin privileges to ensure user receives a confirmation email,54,1,1,1,0,1,1,0,1
Assess login functionality in transaction history when user has admin privileges to ensure data is encrypted for security,55,1,1,1,1,0,0,1,1
Ensure data synchronization in admin panel when user is logged in to ensure user receives a confirmation email,56,0,1,0,0,1,1,0,0
Test profile update in admin panel when there are multiple sessions to ensure access is denied,57,1,0,0,0,1,1,1,1
Test data export in settings page when there are multiple sessions to ensure user is redirected to the homepage,58,0,1,0,0,1,1,1,0
Check data synchronization in landing page when internet connection is slow to ensure the transaction is processed within 2 seconds,59,0,1,1,1,0,1,1,0
Ensure login functionality in transaction history when user is logged in to ensure data is encrypted for security,60,1,0,1,1,0,0,0,0
Check session management in product listing when user inputs special characters to ensure access is denied,61,0,0,1,1,1,0,0,1
Ensure login functionality in admin panel when there are multiple sessions to ensure data is correctly saved,62,1,1,1,0,0,1,0,0
Ensure user registration in checkout page when user has admin privileges to ensure the transaction is processed within 2 seconds,63,0,1,1,0,0,1,0,0
Assess data synchronization in help center when internet connection is slow to ensure data is correctly saved,64,0,0,0,0,1,1,1,1
Assess session management in user dashboard when internet connection is slow to ensure user is redirected to the homepage,65,1,1,0,1,0,0,1,0
Validate password reset in product listing when internet connection is slow to ensure access is denied,66,1,1,0,1,0,1,0,0
Test file upload in landing page when internet connection is slow to ensure data is encrypted for security,67,1,0,0,0,0,1,0,0
Verify report generation in landing page when user inputs special characters to ensure data is encrypted for security,68,1,0,0,1,1,0,1,0
Validate login functionality in product listing when user is logged in to ensure the session is terminated after inactivity,69,0,1,1,1,0,0,0,0
Test profile update in transaction history when user is logged in to ensure an error message is displayed,70,0,0,1,1,1,0,1,1
Assess email notification in settings page when user has admin privileges to ensure the session is terminated after inactivity,71,0,0,0,0,0,1,0,0
Assess user registration in admin panel when input data is invalid to ensure the session is terminated after inactivity,72,0,0,0,0,1,1,1,0
Ensure payment processing in settings page when user has admin privileges to ensure an error message is displayed,73,0,0,0,1,1,0,0,1
Assess data synchronization in checkout page when there are multiple sessions to ensure an error message is displayed,74,1,0,0,0,1,0,1,0
Validate payment processing in admin panel when user is navigating from the homepage to ensure user is redirected to the homepage,75,0,1,1,0,0,0,0,0
Check report generation in user profile when input data is invalid to ensure the session is terminated after inactivity,76,0,0,0,0,0,1,0,0
Assess email notification in landing page when user inputs special characters to ensure data is encrypted for security,77,1,0,0,1,1,0,0,1
Validate login functionality in landing page when input data is invalid to ensure data is encrypted for security,78,0,1,1,0,0,1,1,1
Assess data export in help center when the system is under heavy load to ensure the transaction is processed within 2 seconds,79,1,0,0,0,0,0,0,0
Assess login functionality in product listing when input data is invalid to ensure the transaction is processed within 2 seconds,80,0,0,1,0,0,0,1,1
Ensure data export in landing page when internet connection is slow to ensure the session is terminated after inactivity,81,0,0,1,1,0,0,1,1
Assess password reset in landing page when user is navigating from the homepage to ensure the transaction is processed within 2 seconds,82,0,0,1,0,1,0,0,1
Validate report generation in product listing when user is navigating from the homepage to ensure the transaction is processed within 2 seconds,83,1,1,0,0,0,0,1,0
Verify search functionality in settings page when the system is under heavy load to ensure user receives a confirmation email,84,0,1,0,0,1,1,0,0
Verify search functionality in user profile when there are multiple sessions to ensure user receives a confirmation email,85,1,0,0,1,1,0,0,0
Check data synchronization in product listing when there are multiple sessions to ensure the transaction is processed within 2 seconds,86,0,1,1,1,0,1,1,0
Check search functionality in product listing when there are multiple sessions to ensure data is encrypted for security,87,1,1,0,1,0,0,1,0
Test user registration in help center when there are multiple sessions to ensure data is encrypted for security,88,0,0,0,1,1,0,1,0
Verify login functionality in user profile when user is logged in to ensure user is redirected to the homepage,89,0,1,1,1,0,0,0,1
Validate file upload in checkout page when internet connection is slow to ensure the transaction is processed within 2 seconds,90,0,0,1,0,0,0,0,0
Check file upload in help center when user inputs special characters to ensure user receives a confirmation email,91,0,1,1,0,0,0,1,1
Validate email notification in landing page when there are multiple sessions to ensure an error message is displayed,92,0,0,0,0,1,1,0,0
Ensure file upload in help center when input data is invalid to ensure user receives a confirmation email,93,1,1,1,1,1,0,1,0
Check file upload in user profile when user has admin privileges to ensure data is correctly saved,94,1,1,0,1,0,1,1,0
Test session management in landing page when user has admin privileges to ensure data is correctly saved,95,1,1,0,0,1,1,1,1
Validate payment processing in order summary when there are multiple sessions to ensure user is redirected to the homepage,96,0,0,1,1,1,0,1,1
Validate search functionality in settings page when the system is under heavy load to ensure user receives a confirmation email,97,0,0,0,0,0,1,1,1
Ensure password reset in user dashboard when user inputs special characters to ensure user receives a confirmation email,98,0,0,0,1,1,0,1,0
Ensure login functionality in landing page when there are multiple sessions to ensure the transaction is processed within 2 seconds,99,0,0,1,0,1,0,1,1
Ensure payment processing in user dashboard when user is logged in to ensure the session is terminated after inactivity,100,0,1,0,1,1,0,1,0
Assess profile update in order summary when internet connection is slow to ensure data is correctly saved,101,1,0,1,1,1,1,0,1
Test session management in admin panel when user inputs special characters to ensure the session is terminated after inactivity,102,1,1,0,1,1,0,1,1
Ensure search functionality in help center when internet connection is slow to ensure access is denied,103,1,0,1,0,1,1,1,1
Ensure email notification in admin panel when the system is under heavy load to ensure user receives a confirmation email,104,0,1,0,0,0,0,0,0
Check password reset in product listing when internet connection is slow to ensure user receives a confirmation email,105,0,0,1,0,0,1,0,0
Check search functionality in order summary when user is navigating from the homepage to ensure access is denied,106,1,0,0,0,1,1,0,0
Verify search functionality in user dashboard when user is navigating from the homepage to ensure the session is terminated after inactivity,107,0,1,1,1,0,0,1,1
Assess report generation in settings page when input data is invalid to ensure data is encrypted for security,108,1,1,0,0,0,0,0,0
Check payment processing in help center when there are multiple sessions to ensure an error message is displayed,109,0,1,1,1,1,1,1,1
Ensure search functionality in order summary when the system is under heavy load to ensure access is denied,110,0,0,0,0,1,0,0,1
Test report generation in help center when user is navigating from the homepage to ensure data is correctly saved,111,1,0,0,0,0,0,1,1
Ensure data export in admin panel when user has admin privileges to ensure an error message is displayed,112,1,0,0,1,1,1,0,1
Assess session management in transaction history when input data is invalid to ensure data is encrypted for security,113,0,0,1,0,0,1,0,0
Assess report generation in transaction history when user is logged in to ensure access is denied,114,1,1,1,0,0,0,0,1
Check data export in user profile when user is navigating from the homepage to ensure an error message is displayed,115,1,0,1,0,1,0,1,0
Check password reset in order summary when there are multiple sessions to ensure the transaction is processed within 2 seconds,116,0,0,0,1,1,0,1,0
Assess profile update in transaction history when there are multiple sessions to ensure user is redirected to the homepage,117,0,1,0,0,0,1,1,0
Verify file upload in user profile when user inputs special characters to ensure data is correctly saved,118,0,1,0,0,0,1,1,1
Check profile update in transaction history when user is logged in to ensure data is correctly saved,119,0,1,0,1,0,0,0,0
Ensure password reset in order summary when there are multiple sessions to ensure the session is terminated after inactivity,120,1,1,1,1,0,1,1,1
Verify payment processing in admin panel when input data is invalid to ensure access is denied,121,0,0,0,1,1,0,0,0
Assess payment processing in help center when user has admin privileges to ensure the transaction is processed within 2 seconds,122,1,1,1,0,0,1,0,0
Validate file upload in landing page when input data is invalid to ensure user is redirected to the homepage,123,1,0,1,1,1,0,0,0
Check login functionality in landing page when user is navigating from the homepage to ensure data is encrypted for security,124,0,0,1,1,0,0,1,1
Validate file upload in product listing when internet connection is slow to ensure the transaction is processed within 2 seconds,125,0,1,0,1,1,1,1,1
Verify user registration in settings page when user is logged in to ensure the transaction is processed within 2 seconds,126,1,1,0,0,1,1,0,0
Assess email notification in product listing when user inputs special characters to ensure the transaction is processed within 2 seconds,127,1,0,0,0,0,1,0,0
Test profile update in order summary when input data is invalid to ensure access is denied,128,1,0,0,0,0,1,0,1
Ensure session management in admin panel when there are multiple sessions to ensure access is denied,129,1,0,1,0,0,0,0,1
Check email notification in help center when input data is invalid to ensure user receives a confirmation email,130,0,1,1,0,0,0,1,1
Assess payment processing in transaction history when user has admin privileges to ensure the transaction is processed within 2 seconds,131,0,1,0,1,1,0,1,1
Test login functionality in help center when the system is under heavy load to ensure access is denied,132,1,0,0,1,0,0,1,0
Ensure password reset in user dashboard when there are multiple sessions to ensure user receives a confirmation email,133,0,1,1,1,0,1,0,0
Test profile update in product listing when user is logged in to ensure user receives a confirmation email,134,1,1,1,1,0,1,1,0
Validate user registration in product listing when user is logged in to ensure data is correctly saved,135,0,1,0,1,0,1,0,0
Check data export in settings page when there are multiple sessions to ensure the session is terminated after inactivity,136,1,0,1,0,1,0,0,0
Check file upload in user dashboard when user is logged in to ensure user is redirected to the homepage,137,1,0,1,0,1,1,0,0
Test login functionality in admin panel when user is logged in to ensure user is redirected to the homepage,138,1,0,1,1,1,0,1,1
Verify password reset in admin panel when there are multiple sessions to ensure user is redirected to the homepage,139,1,0,0,1,0,0,0,0
Validate email notification in user profile when the system is under heavy load to ensure access is denied,140,1,1,0,0,0,0,0,0
Verify file upload in transaction history when user has admin privileges to ensure the session is terminated after inactivity,141,1,0,0,1,1,0,0,1
Ensure password reset in settings page when input data is invalid to ensure data is correctly saved,142,1,0,1,1,0,1,1,1
Verify password reset in help center when internet connection is slow to ensure user receives a confirmation email,143,1,1,0,1,0,0,0,1
Test email notification in transaction history when user has admin privileges to ensure an error message is displayed,144,1,1,1,1,1,1,1,1
Check password reset in order summary when user is navigating from the homepage to ensure data is correctly saved,145,1,1,0,1,0,1,0,0
Assess email notification in checkout page when the system is under heavy load to ensure user is redirected to the homepage,146,1,1,1,1,1,1,0,1
Validate profile update in admin panel when user is logged in to ensure access is denied,147,1,0,1,1,1,0,1,0
Validate profile update in checkout page when user has admin privileges to ensure the transaction is processed within 2 seconds,148,1,0,0,0,1,0,0,0
Verify session management in transaction history when user inputs special characters to ensure an error message is displayed,149,0,1,0,0,0,0,1,0
Assess report generation in admin panel when there are multiple sessions to ensure user receives a confirmation email,150,0,1,0,0,0,0,0,1
Assess file upload in help center when user has admin privileges to ensure user receives a confirmation email,151,1,1,0,1,0,1,1,1
Verify data export in landing page when internet connection is slow to ensure user receives a confirmation email,152,0,0,0,0,1,1,0,1
Ensure file upload in product listing when the system is under heavy load to ensure the session is terminated after inactivity,153,1,1,0,1,0,1,1,0
Test search functionality in checkout page when user is navigating from the homepage to ensure data is correctly saved,154,1,0,0,0,0,1,0,1
Ensure password reset in product listing when user is logged in to ensure the session is terminated after inactivity,155,0,1,0,0,0,1,0,0
Verify profile update in checkout page when there are multiple sessions to ensure the transaction is processed within 2 seconds,156,1,0,0,0,1,1,0,0
Check profile update in product listing when user has admin privileges to ensure user is redirected to the homepage,157,0,0,1,1,0,1,0,1
Ensure search functionality in product listing when input data is invalid to ensure user receives a confirmation email,158,1,0,1,0,0,1,1,1
Ensure payment processing in order summary when user has admin privileges to ensure the transaction is processed within 2 seconds,159,1,0,0,0,0,0,0,1
Ensure profile update in product listing when user has admin privileges to ensure an error message is displayed,160,1,1,1,0,1,0,1,0
Assess data export in landing page when user inputs special characters to ensure data is correctly saved,161,0,1,0,1,1,0,0,1
Verify file upload in settings page when user is logged in to ensure the transaction is processed within 2 seconds,162,1,1,1,0,1,1,1,0
Verify session management in checkout page when user is logged in to ensure the session is terminated after inactivity,163,1,0,0,1,1,0,1,0
Assess payment processing in product listing when user inputs special characters to ensure data is correctly saved,164,1,1,0,1,0,1,1,1
Check data synchronization in checkout page when the system is under heavy load to ensure user is redirected to the homepage,165,0,0,0,0,0,0,1,1
Assess data synchronization in transaction history when there are multiple sessions to ensure access is denied,166,0,1,1,0,1,1,0,1
Validate file upload in user dashboard when user has admin privileges to ensure access is denied,167,1,0,0,1,0,0,1,0
Ensure data export in user dashboard when user has admin privileges to ensure an error message is displayed,168,1,1,0,0,1,0,1,0
Ensure data synchronization in transaction history when user has admin privileges to ensure access is denied,169,0,0,0,1,1,0,0,0
Assess search functionality in user dashboard when internet connection is slow to ensure the transaction is processed within 2 seconds,170,1,1,0,0,0,1,0,1
Check report generation in checkout page when there are multiple sessions to ensure access is denied,171,1,1,0,1,0,1,0,1
Test data export in user profile when the system is under heavy load to ensure data is correctly saved,172,0,0,1,0,1,1,0,0
Assess report generation in product listing when user is navigating from the homepage to ensure data is encrypted for security,173,0,0,0,0,0,1,1,0
Verify file upload in help center when user inputs special characters to ensure access is denied,174,1,1,1,0,1,0,0,1
Validate report generation in order summary when user is navigating from the homepage to ensure data is encrypted for security,175,1,1,1,0,1,1,1,1
Validate email notification in product listing when user has admin privileges to ensure an error message is displayed,176,0,1,0,1,1,0,0,1
Verify user registration in admin panel when user is navigating from the homepage to ensure access is denied,177,1,1,1,0,1,0,1,1
Check email notification in product listing when internet connection is slow to ensure the transaction is processed within 2 seconds,178,1,1,0,1,0,1,0,1
Assess email notification in settings page when user is logged in to ensure the transaction is processed within 2 seconds,179,1,1,0,0,0,1,0,0
Verify login functionality in settings page when user is navigating from the homepage to ensure user is redirected to the homepage,180,0,0,1,1,1,1,1,0
Validate email notification in product listing when there are multiple sessions to ensure user is redirected to the homepage,181,0,0,0,1,0,0,0,1
Validate profile update in order summary when user inputs special characters to ensure user is redirected to the homepage,182,1,1,0,1,0,0,0,1
Check password reset in checkout page when user is logged in to ensure data is correctly saved,183,1,0,1,1,0,0,1,0
Test profile update in user profile when input data is invalid to ensure the session is terminated after inactivity,184,0,1,1,0,0,0,1,0
Ensure user registration in user profile when user is logged in to ensure access is denied,185,0,1,0,1,0,1,1,0
Check user registration in user profile when input data is invalid to ensure the session is terminated after inactivity,186,0,0,0,1,0,0,1,0
Test search functionality in product listing when the system is under heavy load to ensure user is redirected to the homepage,187,0,1,1,0,1,0,0,1
Check user registration in admin panel when the system is under heavy load to ensure the transaction is processed within 2 seconds,188,1,0,0,1,1,0,1,0
Test profile update in admin panel when user inputs special characters to ensure the session is terminated after inactivity,189,0,1,0,1,0,0,0,0
Verify password reset in order summary when user inputs special characters to ensure user is redirected to the homepage,190,0,1,1,0,0,1,1,1
Check payment processing in product listing when user is navigating from the homepage to ensure the transaction is processed within 2 seconds,191,0,1,0,1,0,0,0,0
Test search functionality in user dashboard when user has admin privileges to ensure user is redirected to the homepage,192,1,0,1,1,1,1,1,0
Verify data synchronization in landing page when user has admin privileges to ensure data is encrypted for security,193,1,1,0,0,1,1,1,0
Test payment processing in product listing when user is navigating from the homepage to ensure an error message is displayed,194,1,0,1,0,1,1,0,0
Test user registration in transaction history when internet connection is slow to ensure the transaction is processed within 2 seconds,195,1,0,1,1,0,1,0,0
Validate file upload in transaction history when there are multiple sessions to ensure the session is terminated after inactivity,196,1,0,0,0,0,1,0,0
Ensure report generation in settings page when user is logged in to ensure user receives a confirmation email,197,1,1,1,0,1,1,0,0
Check file upload in admin panel when input data is invalid to ensure data is encrypted for security,198,0,0,1,0,1,1,0,1
Check login functionality in user profile when there are multiple sessions to ensure user receives a confirmation email,199,0,1,1,0,1,0,1,1
Ensure password reset in transaction history when user has admin privileges to ensure data is correctly saved,200,1,1,0,0,0,1,1,0
Assess report generation in order summary when user inputs special characters to ensure the session is terminated after inactivity,201,1,0,1,1,1,1,1,1
Test payment processing in user profile when user inputs special characters to ensure data is correctly saved,202,1,0,0,1,0,0,0,1
Assess data synchronization in help center when the system is under heavy load to ensure an error message is displayed,203,0,1,1,0,0,1,0,0
Check user registration in user profile when the system is under heavy load to ensure user is redirected to the homepage,204,1,0,1,1,1,0,0,1
Check search functionality in user dashboard when user is navigating from the homepage to ensure the session is terminated after inactivity,205,0,0,0,0,1,0,1,1
Validate data synchronization in landing page when user is navigating from the homepage to ensure the session is terminated after inactivity,206,1,1,0,0,1,0,0,1
Verify search functionality in help center when user inputs special characters to ensure the session is terminated after inactivity,207,1,1,0,0,1,1,0,0
Check search functionality in order summary when user is logged in to ensure the transaction is processed within 2 seconds,208,1,0,1,1,0,0,1,0
Verify report generation in help center when there are multiple sessions to ensure an error message is displayed,209,1,0,1,1,1,1,0,0
Verify data synchronization in order summary when user is navigating from the homepage to ensure an error message is displayed,210,1,0,1,1,1,1,0,0
Check profile update in settings page when user is logged in to ensure user receives a confirmation email,211,0,0,1,1,0,0,0,1
Verify file upload in order summary when internet connection is slow to ensure user is redirected to the homepage,212,1,0,0,1,1,1,0,0
Check data export in admin panel when the system is under heavy load to ensure data is encrypted for security,213,0,0,0,1,1,1,1,1
Validate file upload in user profile when user is navigating from the homepage to ensure an error message is displayed,214,1,0,0,1,0,1,0,0
Assess data export in user dashboard when user has admin privileges to ensure data is correctly saved,215,1,0,0,0,0,0,0,1
Ensure payment processing in order summary when user is logged in to ensure data is encrypted for security,216,0,1,0,0,0,0,0,1
Assess report generation in checkout page when internet connection is slow to ensure access is denied,217,1,0,0,0,0,0,0,1
Validate password reset in user profile when there are multiple sessions to ensure the session is terminated after inactivity,218,0,1,1,0,0,0,1,0
Test password reset in admin panel when internet connection is slow to ensure data is correctly saved,219,1,1,0,0,1,0,1,0
Verify data synchronization in checkout page when user inputs special characters to ensure user is redirected to the homepage,220,0,0,0,0,1,1,0,0
Test email notification in landing page when user has admin privileges to ensure the session is terminated after inactivity,221,0,0,1,0,1,0,0,1
Ensure password reset in user dashboard when internet connection is slow to ensure data is correctly saved,222,0,1,0,0,0,1,0,0
Validate report generation in order summary when there are multiple sessions to ensure an error message is displayed,223,0,1,0,0,0,0,1,0
Ensure profile update in product listing when user has admin privileges to ensure data is encrypted for security,224,0,1,1,1,0,1,1,0
Check session management in order summary when user is logged in to ensure the session is terminated after inactivity,225,1,0,1,1,0,0,0,0
Check profile update in landing page when user has admin privileges to ensure data is correctly saved,226,0,0,1,1,0,0,1,1
Ensure data export in transaction history when input data is invalid to ensure access is denied,227,1,1,1,0,0,1,1,1
Assess email notification in user profile when user is logged in to ensure the transaction is processed within 2 seconds,228,0,1,0,0,0,1,0,0
Verify password reset in settings page when user inputs special characters to ensure user receives a confirmation email,229,1,1,0,1,1,0,1,1
Ensure payment processing in transaction history when user is logged in to ensure the session is terminated after inactivity,230,1,1,0,1,0,0,1,1
Test email notification in settings page when there are multiple sessions to ensure the session is terminated after inactivity,231,1,0,1,0,1,1,0,1
Check data synchronization in landing page when input data is invalid to ensure the session is terminated after inactivity,232,1,0,0,1,0,1,1,0
Verify payment processing in admin panel when there are multiple sessions to ensure data is correctly saved,233,0,1,0,0,1,1,0,1
Validate data export in help center when there are multiple sessions to ensure user receives a confirmation email,234,0,0,0,0,1,1,0,1
Verify payment processing in checkout page when input data is invalid to ensure user receives a confirmation email,235,1,1,1,0,1,0,0,1
Ensure data synchronization in transaction history when user is navigating from the homepage to ensure access is denied,236,1,1,0,1,1,1,1,1
Verify data synchronization in admin panel when user is navigating from the homepage to ensure data is correctly saved,237,0,1,0,0,1,1,0,0
Test search functionality in checkout page when user is navigating from the homepage to ensure the session is terminated after inactivity,238,1,0,0,0,0,0,1,0
Ensure login functionality in product listing when input data is invalid to ensure data is encrypted for security,239,0,1,1,0,1,1,1,1
Ensure payment processing in user profile when user is logged in to ensure data is encrypted for security,240,1,1,0,0,1,0,0,1
Ensure session management in help center when input data is invalid to ensure an error message is displayed,241,1,0,1,0,0,0,1,1
Assess user registration in help center when there are multiple sessions to ensure an error message is displayed,242,0,0,0,1,1,1,0,1
Ensure password reset in transaction history when the system is under heavy load to ensure user is redirected to the homepage,243,1,0,0,1,0,1,1,0
Ensure data export in user dashboard when user is navigating from the homepage to ensure data is encrypted for security,244,1,0,1,1,0,0,1,0
Validate file upload in product listing when user is navigating from the homepage to ensure user is redirected to the homepage,245,1,1,1,0,1,1,0,1
Check profile update in checkout page when there are multiple sessions to ensure data is correctly saved,246,1,1,1,1,0,0,1,0
Validate search functionality in user dashboard when there are multiple sessions to ensure an error message is displayed,247,1,1,1,1,1,1,0,1
Check password reset in landing page when user is navigating from the homepage to ensure data is correctly saved,248,0,1,1,1,1,0,1,1
Validate data synchronization in landing page when the system is under heavy load to ensure data is encrypted for security,249,0,0,0,0,1,1,0,0
Test password reset in user profile when input data is invalid to ensure data is encrypted for security,250,0,1,1,1,0,1,0,1
Ensure report generation in user dashboard when user inputs special characters to ensure user receives a confirmation email,251,0,0,0,0,0,0,1,1
Check data synchronization in product listing when user is navigating from the homepage to ensure data is correctly saved,252,0,1,0,1,0,1,0,1
Verify data export in admin panel when there are multiple sessions to ensure user is redirected to the homepage,253,1,1,0,1,1,1,1,1
Ensure payment processing in admin panel when user has admin privileges to ensure data is correctly saved,254,1,0,1,0,0,0,1,0
Ensure report generation in product listing when the system is under heavy load to ensure user is redirected to the homepage,255,0,1,0,1,0,1,1,0
Verify data synchronization in product listing when user is logged in to ensure the session is terminated after inactivity,256,0,0,1,1,1,1,1,1
Validate password reset in checkout page when input data is invalid to ensure user receives a confirmation email,257,1,1,0,0,1,1,0,1
Assess file upload in landing page when there are multiple sessions to ensure data is correctly saved,258,1,0,1,1,1,0,0,0
Validate login functionality in order summary when internet connection is slow to ensure an error message is displayed,259,1,0,0,1,0,1,0,0
Validate email notification in user profile when user inputs special characters to ensure user is redirected to the homepage,260,1,1,1,1,1,1,0,1
Assess payment processing in landing page when input data is invalid to ensure the session is terminated after inactivity,261,0,1,0,0,1,0,1,1
Assess password reset in transaction history when the system is under heavy load to ensure the session is terminated after inactivity,262,0,0,1,0,0,1,1,1
Verify file upload in admin panel when input data is invalid to ensure data is encrypted for security,263,1,1,1,0,0,1,0,0
Assess password reset in order summary when the system is under heavy load to ensure the session is terminated after inactivity,264,0,1,1,0,1,1,1,0
Test file upload in help center when user inputs special characters to ensure user receives a confirmation email,265,1,1,0,0,1,1,0,0
Verify data export in order summary when user is navigating from the homepage to ensure an error message is displayed,266,0,1,0,0,0,1,1,1
Check login functionality in settings page when internet connection is slow to ensure the session is terminated after inactivity,267,1,0,0,0,0,1,0,1
Validate password reset in product listing when there are multiple sessions to ensure access is denied,268,0,1,0,0,0,0,1,0
Validate password reset in settings page when user is navigating from the homepage to ensure the transaction is processed within 2 seconds,269,1,0,1,1,0,1,1,1
Ensure file upload in landing page when internet connection is slow to ensure access is denied,270,0,0,1,0,1,0,1,0
Verify login functionality in user dashboard when user inputs special characters to ensure user receives a confirmation email,271,1,1,1,1,0,0,0,0
Assess report generation in settings page when user inputs special characters to ensure the transaction is processed within 2 seconds,272,1,1,0,1,1,0,0,1
Assess file upload in settings page when the system is under heavy load to ensure the session is terminated after inactivity,273,0,0,0,0,0,1,1,1
Test payment processing in checkout page when input data is invalid to ensure data is correctly saved,274,0,0,0,1,0,1,1,0
Validate user registration in transaction history when the system is under heavy load to ensure data is correctly saved,275,1,1,0,1,1,1,0,0
Verify login functionality in admin panel when user inputs special characters to ensure the session is terminated after inactivity,276,0,1,0,1,0,1,1,0
Verify report generation in admin panel when internet connection is slow to ensure access is denied,277,1,1,0,0,0,0,0,0
Verify search functionality in help center when there are multiple sessions to ensure an error message is displayed,278,0,1,1,0,1,1,0,0
Assess data synchronization in landing page when user has admin privileges to ensure user receives a confirmation email,279,0,0,1,0,1,1,1,0
Assess email notification in admin panel when user is logged in to ensure data is correctly saved,280,0,0,1,0,1,0,0,0
Test file upload in user profile when input data is invalid to ensure the session is terminated after inactivity,281,1,1,0,1,0,1,0,1
Assess payment processing in product listing when internet connection is slow to ensure access is denied,282,0,0,1,0,0,0,1,0
Verify report generation in settings page when user has admin privileges to ensure access is denied,283,0,0,1,1,0,0,0,0
Check report generation in settings page when internet connection is slow to ensure an error message is displayed,284,1,0,0,0,0,1,1,0
Validate data export in admin panel when user is logged in to ensure access is denied,285,0,1,1,0,1,0,1,1
Ensure profile update in landing page when user is logged in to ensure user is redirected to the homepage,286,1,0,1,0,1,0,0,1
Validate user registration in transaction history when user is navigating from the homepage to ensure the transaction is processed within 2 seconds,287,1,1,0,0,1,1,1,0
Ensure report generation in landing page when user has admin privileges to ensure the transaction is processed within 2 seconds,288,0,0,0,1,0,0,0,1
Test session management in user profile when user inputs special characters to ensure data is encrypted for security,289,0,0,0,1,1,1,1,1
Assess report generation in user dashboard when user inputs special characters to ensure the transaction is processed within 2 seconds,290,0,0,0,1,0,0,1,1
Test report generation in settings page when the system is under heavy load to ensure data is correctly saved,291,1,1,0,1,0,0,1,1
Validate data export in user dashboard when input data is invalid to ensure the session is terminated after inactivity,292,1,1,0,1,1,1,0,0
Validate user registration in settings page when user is logged in to ensure data is encrypted for security,293,0,1,0,1,0,1,0,1
Assess search functionality in landing page when the system is under heavy load to ensure user is redirected to the homepage,294,0,0,0,1,1,0,1,1
Validate session management in help center when internet connection is slow to ensure user is redirected to the homepage,295,1,1,0,1,1,0,0,0
Test login functionality in landing page when user inputs special characters to ensure user is redirected to the homepage,296,0,1,1,1,0,0,1,0
Validate payment processing in admin panel when user has admin privileges to ensure the session is terminated after inactivity,297,0,1,1,1,1,0,0,1
Assess payment processing in landing page when user is logged in to ensure an error message is displayed,298,0,1,1,0,1,0,0,0
Test data synchronization in user dashboard when user inputs special characters to ensure the session is terminated after inactivity,299,0,1,1,1,1,0,0,1
Assess data export in transaction history when user is navigating from the homepage to ensure user receives a confirmation email,300,1,0,0,1,1,0,0,1
Test data export in transaction history when user inputs special characters to ensure data is correctly saved,301,1,1,1,1,1,0,0,0
Ensure report generation in transaction history when user is navigating from the homepage to ensure data is correctly saved,302,0,0,0,0,1,0,1,1
Assess report generation in user profile when the system is under heavy load to ensure the transaction is processed within 2 seconds,303,1,0,1,0,1,0,1,0
Verify data export in product listing when user inputs special characters to ensure the transaction is processed within 2 seconds,304,1,0,0,0,1,1,1,0
Check login functionality in admin panel when user has admin privileges to ensure user is redirected to the homepage,305,1,1,1,0,0,0,0,0
Validate file upload in settings page when user inputs special characters to ensure data is encrypted for security,306,0,0,0,1,1,0,0,1
Validate profile update in settings page when user inputs special characters to ensure access is denied,307,1,0,1,1,0,0,0,0
Assess file upload in checkout page when input data is invalid to ensure user is redirected to the homepage,308,0,0,1,0,0,1,1,1
Verify file upload in admin panel when user is logged in to ensure access is denied,309,0,1,0,1,0,1,1,1
Validate email notification in order summary when internet connection is slow to ensure the transaction is processed within 2 seconds,310,0,1,0,1,0,0,0,1
Validate file upload in user dashboard when user is logged in to ensure an error message is displayed,311,1,1,1,1,0,1,1,1
Check file upload in order summary when there are multiple sessions to ensure user receives a confirmation email,312,1,1,1,0,1,0,0,0
Ensure password reset in transaction history when user inputs special characters to ensure an error message is displayed,313,1,1,0,0,1,0,0,0
Validate report generation in transaction history when internet connection is slow to ensure user is redirected to the homepage,314,1,1,1,1,0,1,1,0
Check file upload in order summary when user inputs special characters to ensure user receives a confirmation email,315,0,1,0,1,0,1,0,1
Test login functionality in user dashboard when internet connection is slow to ensure user receives a confirmation email,316,0,1,1,1,0,0,0,1
Validate session management in transaction history when user is navigating from the homepage to ensure data is encrypted for security,317,1,1,1,1,0,1,1,1
Verify password reset in user profile when user is logged in to ensure user receives a confirmation email,318,1,0,1,0,0,1,1,0
Validate data synchronization in user dashboard when input data is invalid to ensure an error message is displayed,319,1,1,1,0,0,0,0,0
Ensure payment processing in user profile when user has admin privileges to ensure the session is terminated after inactivity,320,1,0,0,1,0,0,0,0
Ensure data synchronization in user dashboard when user is navigating from the homepage to ensure user receives a confirmation email,321,0,1,0,0,1,1,0,1
Validate profile update in user profile when user is navigating from the homepage to ensure data is encrypted for security,322,0,0,0,1,1,1,0,1
Check login functionality in settings page when the system is under heavy load to ensure access is denied,323,1,1,0,1,1,0,0,1
Verify report generation in user profile when user has admin privileges to ensure data is encrypted for security,324,0,1,0,0,0,1,0,0
Check search functionality in order summary when user has admin privileges to ensure user receives a confirmation email,325,1,0,1,0,0,1,0,1
Check payment processing in admin panel when user is logged in to ensure data is encrypted for security,326,0,1,0,1,1,0,1,1
Check data export in product listing when internet connection is slow to ensure the transaction is processed within 2 seconds,327,1,0,1,0,0,0,0,0
Test payment processing in settings page when user is logged in to ensure an error message is displayed,328,1,0,0,1,0,0,0,0
Verify file upload in product listing when user is logged in to ensure data is correctly saved,329,1,0,0,1,0,0,0,0
Ensure session management in product listing when user has admin privileges to ensure user receives a confirmation email,330,1,1,0,0,1,1,1,0
Validate file upload in landing page when there are multiple sessions to ensure data is encrypted for security,331,1,1,1,1,0,1,0,1
Ensure payment processing in help center when user is navigating from the homepage to ensure an error message is displayed,332,0,0,0,1,1,1,1,1
Assess report generation in user profile when user has admin privileges to ensure access is denied,333,0,1,0,0,1,1,0,0
Ensure login functionality in user dashboard when user is navigating from the homepage to ensure an error message is displayed,334,0,0,0,0,0,0,1,1
Assess data export in product listing when input data is invalid to ensure user is redirected to the homepage,335,0,1,1,0,0,0,1,1
Validate data export in order summary when user has admin privileges to ensure the session is terminated after inactivity,336,0,0,1,0,1,1,1,0
Ensure profile update in product listing when internet connection is slow to ensure data is correctly saved,337,1,1,0,0,0,1,0,0
Validate profile update in checkout page when user is logged in to ensure access is denied,338,1,0,1,0,0,1,1,1
Test report generation in product listing when user is navigating from the homepage to ensure data is correctly saved,339,0,1,0,1,0,1,0,1
Ensure payment processing in help center when there are multiple sessions to ensure data is correctly saved,340,1,1,0,0,0,1,1,0
Verify user registration in transaction history when user is navigating from the homepage to ensure user is redirected to the homepage,341,0,0,1,0,0,0,0,0
Ensure data synchronization in transaction history when user is logged in to ensure user receives a confirmation email,342,1,0,1,0,0,0,1,1
Test file upload in admin panel when internet connection is slow to ensure access is denied,343,0,1,0,0,0,0,1,0
Test user registration in settings page when user is navigating from the homepage to ensure the transaction is processed within 2 seconds,344,1,0,1,0,1,1,0,0
Verify data export in help center when there are multiple sessions to ensure access is denied,345,1,0,1,1,0,1,1,0
Validate user registration in user dashboard when user is logged in to ensure user is redirected to the homepage,346,0,1,1,0,0,1,1,0
Check file upload in user profile when input data is invalid to ensure data is encrypted for security,347,0,0,1,1,1,1,1,0
Verify data synchronization in help center when input data is invalid to ensure the session is terminated after inactivity,348,1,0,0,0,0,1,0,0
Ensure password reset in admin panel when user inputs special characters to ensure the transaction is processed within 2 seconds,349,0,1,1,1,1,0,0,0
Check data synchronization in checkout page when the system is under heavy load to ensure the session is terminated after inactivity,350,1,1,0,1,1,0,0,0
Ensure search functionality in transaction history when user is navigating from the homepage to ensure user is redirected to the homepage,351,1,0,1,0,0,0,0,0
Check data export in landing page when user is navigating from the homepage to ensure data is encrypted for security,352,1,1,1,1,1,0,1,1
Assess user registration in checkout page when input data is invalid to ensure user receives a confirmation email,353,1,0,0,0,1,0,1,1
Validate email notification in order summary when there are multiple sessions to ensure data is encrypted for security,354,1,1,0,1,0,0,0,0
Assess file upload in user profile when internet connection is slow to ensure user receives a confirmation email,355,0,0,1,0,0,1,0,1
Assess report generation in admin panel when user is navigating from the homepage to ensure user receives a confirmation email,356,0,1,0,0,0,1,1,1
Ensure report generation in product listing when internet connection is slow to ensure access is denied,357,1,1,1,0,0,1,0,1
Ensure login functionality in order summary when there are multiple sessions to ensure the transaction is processed within 2 seconds,358,0,1,1,1,1,0,0,0
Ensure file upload in landing page when internet connection is slow to ensure data is correctly saved,359,0,1,1,0,0,1,1,0
Verify email notification in user profile when the system is under heavy load to ensure user is redirected to the homepage,360,0,0,1,0,1,1,1,0
Verify login functionality in product listing when there are multiple sessions to ensure the session is terminated after inactivity,361,1,0,0,0,1,1,0,1
Validate email notification in admin panel when user inputs special characters to ensure the session is terminated after inactivity,362,0,0,1,0,1,1,1,0
Test report generation in settings page when user is navigating from the homepage to ensure data is correctly saved,363,0,1,0,1,1,0,1,0
Test file upload in transaction history when user inputs special characters to ensure the transaction is processed within 2 seconds,364,0,1,0,0,1,1,0,1
Ensure file upload in checkout page when user is navigating from the homepage to ensure user is redirected to the homepage,365,0,1,1,1,0,0,0,0
Ensure report generation in order summary when internet connection is slow to ensure user is redirected to the homepage,366,0,0,1,1,0,0,1,0
Check report generation in help center when user inputs special characters to ensure the transaction is processed within 2 seconds,367,0,1,1,0,1,1,1,1
Check search functionality in transaction history when the system is under heavy load to ensure user receives a confirmation email,368,1,1,0,1,0,0,0,0
Assess profile update in admin panel when the system is under heavy load to ensure user receives a confirmation email,369,1,0,1,1,0,0,0,0
Verify profile update in settings page when user inputs special characters to ensure access is denied,370,1,0,0,1,1,0,0,0
Test password reset in order summary when user inputs special characters to ensure the transaction is processed within 2 seconds,371,1,1,0,0,0,0,1,0
Validate login functionality in transaction history when user has admin privileges to ensure the session is terminated after inactivity,372,1,0,0,0,0,1,1,1
Check profile update in checkout page when user inputs special characters to ensure an error message is displayed,373,0,0,1,0,1,1,1,1
Assess file upload in help center when the system is under heavy load to ensure the session is terminated after inactivity,374,1,1,1,0,1,0,0,1
Validate user registration in settings page when there are multiple sessions to ensure user is redirected to the homepage,375,1,1,0,0,1,0,0,1
Check user registration in transaction history when user is logged in to ensure the transaction is processed within 2 seconds,376,1,0,0,1,0,0,0,0
Assess data synchronization in landing page when user has admin privileges to ensure the session is terminated after inactivity,377,1,1,1,0,0,0,1,1
Ensure session management in product listing when user inputs special characters to ensure the session is terminated after inactivity,378,0,1,0,1,1,1,0,0
Assess password reset in landing page when user has admin privileges to ensure user receives a confirmation email,379,0,1,0,1,1,0,0,0
Validate profile update in transaction history when internet connection is slow to ensure data is encrypted for security,380,1,1,0,0,1,1,0,1
Check payment processing in checkout page when input data is invalid to ensure user is redirected to the homepage,381,1,1,0,1,0,0,0,1
Assess session management in settings page when user inputs special characters to ensure an error message is displayed,382,1,0,1,0,1,1,0,1
Assess payment processing in landing page when internet connection is slow to ensure an error message is displayed,383,0,1,0,0,0,0,1,0
Assess payment processing in user dashboard when input data is invalid to ensure the session is terminated after inactivity,384,0,1,0,1,1,1,0,1
Check data export in user profile when user has admin privileges to ensure user is redirected to the homepage,385,1,0,0,0,0,0,1,1
Verify password reset in user dashboard when user is logged in to ensure the session is terminated after inactivity,386,0,1,1,1,1,0,1,1
Verify data synchronization in settings page when the system is under heavy load to ensure data is correctly saved,387,1,1,0,0,0,1,0,0
Check file upload in settings page when there are multiple sessions to ensure access is denied,388,1,1,1,0,0,1,0,0
Test data synchronization in product listing when input data is invalid to ensure data is correctly saved,389,0,1,1,0,1,0,1,0
Ensure search functionality in transaction history when there are multiple sessions to ensure the transaction is processed within 2 seconds,390,1,1,0,0,0,0,1,0
Validate email notification in transaction history when the system is under heavy load to ensure data is correctly saved,391,1,0,0,1,0,0,1,0
Ensure password reset in settings page when there are multiple sessions to ensure the session is terminated after inactivity,392,0,1,1,0,0,0,0,1
Assess password reset in user profile when user is navigating from the homepage to ensure data is correctly saved,393,0,0,1,0,1,0,1,0
Check search functionality in user dashboard when internet connection is slow to ensure the session is terminated after inactivity,394,0,1,0,1,0,0,0,0
Validate profile update in product listing when user inputs special characters to ensure the transaction is processed within 2 seconds,395,1,1,1,1,1,0,0,1
Test data export in order summary when user is navigating from the homepage to ensure user receives a confirmation email,396,1,0,0,0,1,0,1,0
Check file upload in landing page when there are multiple sessions to ensure access is denied,397,0,1,1,1,1,0,0,1
Assess email notification in user profile when there are multiple sessions to ensure the transaction is processed within 2 seconds,398,1,0,0,1,0,1,0,0
Assess data synchronization in landing page when input data is invalid to ensure the transaction is processed within 2 seconds,399,0,0,1,0,1,1,0,0
Check user registration in order summary when user is logged in to ensure an error message is displayed,400,1,0,1,0,1,0,1,0
Verify session management in transaction history when user is logged in to ensure user receives a confirmation email,401,0,0,1,0,1,1,1,1
Ensure payment processing in user dashboard when user is logged in to ensure access is denied,402,1,1,1,0,0,1,1,1
Ensure password reset in order summary when user is logged in to ensure the transaction is processed within 2 seconds,403,1,1,1,0,1,1,1,1
Validate profile update in settings page when user is navigating from the homepage to ensure the session is terminated after inactivity,404,1,0,0,1,1,1,0,0
Assess file upload in help center when internet connection is slow to ensure access is denied,405,1,1,1,1,1,1,0,0
Verify data synchronization in landing page when user has admin privileges to ensure the transaction is processed within 2 seconds,406,1,0,1,0,1,0,0,0
Verify data synchronization in user profile when internet connection is slow to ensure data is encrypted for security,407,0,1,0,1,1,1,1,1
Ensure payment processing in product listing when user inputs special characters to ensure the transaction is processed within 2 seconds,408,0,1,1,1,0,1,1,0
Test search functionality in checkout page when internet connection is slow to ensure the session is terminated after inactivity,409,1,0,0,1,0,1,0,1
Test password reset in admin panel when user has admin privileges to ensure the session is terminated after inactivity,410,0,0,0,0,0,0,1,0
Test data export in user profile when the system is under heavy load to ensure data is encrypted for security,411,1,0,0,0,0,0,0,1
Verify report generation in settings page when user inputs special characters to ensure the transaction is processed within 2 seconds,412,0,1,0,0,1,0,1,1
Verify password reset in landing page when input data is invalid to ensure user receives a confirmation email,413,1,1,0,0,0,0,1,1
Assess session management in user dashboard when user is logged in to ensure the transaction is processed within 2 seconds,414,1,1,1,1,0,1,0,0
Validate search functionality in transaction history when user inputs special characters to ensure data is correctly saved,415,1,1,1,0,1,0,0,1
Assess data synchronization in user dashboard when user is navigating from the homepage to ensure the session is terminated after inactivity,416,0,0,0,0,0,0,0,0
Verify file upload in user profile when user inputs special characters to ensure the transaction is processed within 2 seconds,417,0,0,1,1,0,1,0,0
Validate session management in landing page when there are multiple sessions to ensure the transaction is processed within 2 seconds,418,1,0,1,1,1,0,0,0
Test search functionality in user dashboard when user is logged in to ensure user is redirected to the homepage,419,1,0,0,1,0,0,0,0
Check email notification in help center when user has admin privileges to ensure user receives a confirmation email,420,1,1,1,1,0,1,1,0
Validate email notification in product listing when user is navigating from the homepage to ensure access is denied,421,0,0,0,1,1,0,0,0
Verify payment processing in user dashboard when there are multiple sessions to ensure the session is terminated after inactivity,422,1,0,1,1,0,1,0,0
Check profile update in checkout page when there are multiple sessions to ensure data is encrypted for security,423,0,0,0,0,0,0,1,1
Ensure login functionality in product listing when input data is invalid to ensure the session is terminated after inactivity,424,0,1,0,0,0,1,1,1
Test session management in admin panel when input data is invalid to ensure data is encrypted for security,425,1,0,0,0,0,1,0,0
Ensure email notification in settings page when user is logged in to ensure data is correctly saved,426,0,0,0,0,1,1,1,0
Assess session management in order summary when there are multiple sessions to ensure access is denied,427,0,1,1,1,1,0,0,1
Validate login functionality in settings page when user is navigating from the homepage to ensure data is correctly saved,428,0,0,0,0,0,1,1,0
Ensure session management in transaction history when user has admin privileges to ensure data is encrypted for security,429,0,0,1,1,0,1,1,1
Check login functionality in transaction history when the system is under heavy load to ensure data is correctly saved,430,0,0,0,0,0,1,1,1
Test login functionality in admin panel when there are multiple sessions to ensure the transaction is processed within 2 seconds,431,0,0,0,1,0,1,1,0
Check payment processing in order summary when the system is under heavy load to ensure user is redirected to the homepage,432,0,1,0,1,1,0,1,1
Assess data synchronization in checkout page when input data is invalid to ensure an error message is displayed,433,0,1,1,1,0,1,0,1
Assess search functionality in order summary when user inputs special characters to ensure access is denied,434,0,1,0,0,1,1,1,0
Test user registration in help center when user is navigating from the homepage to ensure data is correctly saved,435,0,0,0,1,0,0,0,0
Validate data export in product listing when user has admin privileges to ensure access is denied,436,0,1,0,1,0,1,1,1
Validate payment processing in settings page when user has admin privileges to ensure data is correctly saved,437,1,1,1,1,1,1,0,1
Ensure user registration in user dashboard when user is navigating from the homepage to ensure data is encrypted for security,438,1,1,1,1,1,1,0,0
Verify profile update in order summary when user is logged in to ensure access is denied,439,0,1,0,1,1,0,1,1
Verify report generation in admin panel when user has admin privileges to ensure the transaction is processed within 2 seconds,440,0,0,1,0,1,0,1,1
Verify profile update in landing page when user inputs special characters to ensure data is correctly saved,441,0,0,0,0,0,1,1,0
Validate file upload in checkout page when the system is under heavy load to ensure data is correctly saved,442,1,1,1,0,0,0,1,1
Test file upload in settings page when user is navigating from the homepage to ensure the session is terminated after inactivity,443,1,1,1,0,1,1,1,0
Assess profile update in help center when the system is under heavy load to ensure user is redirected to the homepage,444,0,0,1,0,0,1,1,0
Ensure user registration in checkout page when user has admin privileges to ensure access is denied,445,0,1,0,0,0,0,0,1
Assess login functionality in user dashboard when internet connection is slow to ensure data is encrypted for security,446,1,0,1,1,1,1,1,0
Test file upload in order summary when there are multiple sessions to ensure the transaction is processed within 2 seconds,447,0,1,0,0,1,0,0,0
Ensure password reset in help center when input data is invalid to ensure access is denied,448,0,0,1,0,1,1,1,0
Test data export in checkout page when user has admin privileges to ensure access is denied,449,0,1,0,1,1,0,0,1
Verify data synchronization in transaction history when the system is under heavy load to ensure user is redirected to the homepage,450,0,0,1,1,0,0,0,0
Ensure session management in admin panel when user has admin privileges to ensure data is encrypted for security,451,0,0,1,0,0,1,0,1
Ensure profile update in order summary when user has admin privileges to ensure the session is terminated after inactivity,452,1,1,0,1,0,1,0,1
Ensure search functionality in product listing when user is logged in to ensure the transaction is processed within 2 seconds,453,1,0,1,1,1,1,1,1
Test profile update in checkout page when the system is under heavy load to ensure user receives a confirmation email,454,0,1,0,1,0,0,1,0
Verify profile update in settings page when user is navigating from the homepage to ensure the transaction is processed within 2 seconds,455,1,0,0,1,1,1,1,0
Test profile update in order summary when input data is invalid to ensure user receives a confirmation email,456,1,1,1,1,0,1,1,1
Test data synchronization in order summary when internet connection is slow to ensure user is redirected to the homepage,457,0,0,0,1,1,1,1,1
Verify email notification in user dashboard when user inputs special characters to ensure access is denied,458,0,0,1,0,0,1,0,1
Verify email notification in user dashboard when input data is invalid to ensure an error message is displayed,459,1,0,0,0,0,0,1,1
Ensure payment processing in landing page when the system is under heavy load to ensure data is encrypted for security,460,1,1,1,1,0,0,0,0
Validate password reset in landing page when there are multiple sessions to ensure data is correctly saved,461,0,1,0,0,0,1,0,1
Assess payment processing in transaction history when user is logged in to ensure access is denied,462,1,0,0,1,1,0,0,0
Assess profile update in checkout page when user is logged in to ensure the transaction is processed within 2 seconds,463,0,1,1,0,1,1,1,1
Verify session management in admin panel when user has admin privileges to ensure data is encrypted for security,464,0,1,1,1,0,1,0,0
Test data synchronization in landing page when user is navigating from the homepage to ensure user is redirected to the homepage,465,0,0,0,1,1,1,0,1
Verify report generation in settings page when user inputs special characters to ensure user receives a confirmation email,466,0,1,1,1,0,0,1,1
Ensure data export in landing page when user is navigating from the homepage to ensure data is encrypted for security,467,1,1,1,1,1,0,0,0
Assess search functionality in landing page when there are multiple sessions to ensure data is correctly saved,468,0,1,1,1,1,0,1,1
Assess email notification in user profile when the system is under heavy load to ensure user is redirected to the homepage,469,0,0,0,1,0,1,0,0
Verify data synchronization in product listing when there are multiple sessions to ensure data is encrypted for security,470,0,0,1,0,0,0,1,0
Validate login functionality in order summary when user has admin privileges to ensure the session is terminated after inactivity,471,0,1,1,1,0,1,0,1
Test user registration in order summary when internet connection is slow to ensure data is correctly saved,472,1,1,0,0,1,0,0,0
Validate profile update in checkout page when user has admin privileges to ensure access is denied,473,1,1,0,0,0,1,1,1
Assess data synchronization in landing page when user is navigating from the homepage to ensure the transaction is processed within 2 seconds,474,1,1,0,1,0,1,1,0
Check email notification in user profile when there are multiple sessions to ensure data is encrypted for security,475,1,0,1,0,1,0,0,0
Verify profile update in checkout page when input data is invalid to ensure the transaction is processed within 2 seconds,476,0,0,0,0,1,1,0,0
Assess data synchronization in help center when there are multiple sessions to ensure data is correctly saved,477,0,1,0,1,0,1,1,0
Test login functionality in user profile when the system is under heavy load to ensure an error message is displayed,478,1,0,0,0,1,1,0,0
Validate data export in help center when the system is under heavy load to ensure the transaction is processed within 2 seconds,479,1,0,0,1,0,1,0,1
Test data export in order summary when user has admin privileges to ensure an error message is displayed,480,0,1,1,1,0,0,1,0
Validate search functionality in product listing when input data is invalid to ensure the transaction is processed within 2 seconds,481,0,1,1,0,1,1,0,1
Assess login functionality in settings page when input data is invalid to ensure the session is terminated after inactivity,482,0,1,0,0,0,0,0,1
Check session management in settings page when user has admin privileges to ensure user is redirected to the homepage,483,0,0,0,0,0,1,0,1
Test data export in user profile when user is navigating from the homepage to ensure user is redirected to the homepage,484,1,1,1,1,0,1,1,0
Ensure search functionality in admin panel when the system is under heavy load to ensure user is redirected to the homepage,485,1,0,0,1,0,0,0,1
Check payment processing in user profile when input data is invalid to ensure data is encrypted for security,486,0,0,0,1,1,0,1,1
Test user registration in help center when the system is under heavy load to ensure data is correctly saved,487,1,0,0,1,1,0,1,0
Verify user registration in landing page when user is logged in to ensure the transaction is processed within 2 seconds,488,0,0,0,0,1,1,1,0
Test session management in settings page when user has admin privileges to ensure the transaction is processed within 2 seconds,489,0,0,1,1,1,1,0,1
Validate payment processing in user profile when internet connection is slow to ensure an error message is displayed,490,0,0,1,0,0,1,1,1
Verify password reset in user dashboard when the system is under heavy load to ensure data is correctly saved,491,1,1,1,1,0,0,1,0
Test report generation in checkout page when internet connection is slow to ensure data is encrypted for security,492,1,1,1,0,0,1,1,1
Verify login functionality in product listing when user inputs special characters to ensure access is denied,493,0,0,0,1,0,0,0,1
Test report generation in user dashboard when the system is under heavy load to ensure the transaction is processed within 2 seconds,494,1,1,1,0,0,0,0,1
Check search functionality in user profile when user is logged in to ensure the session is terminated after inactivity,495,0,1,1,0,1,1,0,0
Check email notification in user dashboard when there are multiple sessions to ensure data is correctly saved,496,0,1,1,1,1,0,1,1
Check payment processing in order summary when the system is under heavy load to ensure access is denied,497,0,1,0,1,0,1,0,1
Check user registration in admin panel when user inputs special characters to ensure user receives a confirmation email,498,0,1,1,0,1,1,0,1
Ensure data synchronization in checkout page when input data is invalid to ensure access is denied,499,1,0,0,0,1,0,0,1
Check profile update in landing page when user inputs special characters to ensure the transaction is processed within 2 seconds,500,1,0,1,1,1,1,1,0
Test search functionality in settings page when user inputs special characters to ensure data is encrypted for security,501,0,1,0,1,1,1,0,1
Test user registration in order summary when user is navigating from the homepage to ensure an error message is displayed,502,0,1,1,0,1,1,0,1
Validate file upload in user dashboard when user is navigating from the homepage to ensure an error message is displayed,503,0,0,1,1,0,1,0,1
Check search functionality in order summary when user inputs special characters to ensure user receives a confirmation email,504,0,1,0,1,1,0,1,1
Ensure login functionality in help center when the system is under heavy load to ensure the session is terminated after inactivity,505,0,1,0,1,0,1,1,1
Test data export in product listing when input data is invalid to ensure data is encrypted for security,506,1,0,0,1,1,0,0,0
Verify file upload in transaction history when user inputs special characters to ensure data is encrypted for security,507,0,1,0,1,1,0,0,0
Validate login functionality in settings page when internet connection is slow to ensure user receives a confirmation email,508,0,0,1,0,1,0,1,0
Verify data export in landing page when user is logged in to ensure the session is terminated after inactivity,509,0,0,1,0,0,1,0,0
Ensure email notification in user profile when the system is under heavy load to ensure the transaction is processed within 2 seconds,510,0,1,0,1,0,0,1,1
Verify search functionality in help center when user has admin privileges to ensure data is correctly saved,511,1,0,1,0,1,1,1,1
Validate profile update in product listing when internet connection is slow to ensure data is correctly saved,512,0,1,0,0,1,0,1,1
Validate session management in help center when user has admin privileges to ensure data is encrypted for security,513,1,1,1,0,1,0,0,1
Test search functionality in user dashboard when user is navigating from the homepage to ensure an error message is displayed,514,0,1,1,0,1,0,0,1
Ensure report generation in settings page when internet connection is slow to ensure user receives a confirmation email,515,0,0,0,0,0,0,1,0
Validate email notification in admin panel when user has admin privileges to ensure the session is terminated after inactivity,516,1,0,1,0,1,1,1,0
Assess user registration in admin panel when input data is invalid to ensure user receives a confirmation email,517,0,1,1,1,0,0,1,1
Check email notification in user dashboard when user has admin privileges to ensure data is encrypted for security,518,0,1,1,0,1,1,0,1
Validate email notification in checkout page when user is navigating from the homepage to ensure data is correctly saved,519,0,0,0,1,0,0,0,1
Assess data synchronization in transaction history when user is navigating from the homepage to ensure the session is terminated after inactivity,520,0,0,0,0,0,1,0,0
Ensure data export in product listing when there are multiple sessions to ensure user is redirected to the homepage,521,0,0,0,1,0,1,0,1
Ensure profile update in product listing when user has admin privileges to ensure user receives a confirmation email,522,0,0,1,0,1,1,1,1
Test report generation in user profile when internet connection is slow to ensure data is encrypted for security,523,0,1,1,1,0,0,0,1
Validate session management in product listing when the system is under heavy load to ensure access is denied,524,1,1,0,1,1,1,0,1
Validate data synchronization in user profile when user is logged in to ensure user receives a confirmation email,525,0,0,1,0,1,1,0,0
Verify file upload in user dashboard when the system is under heavy load to ensure user receives a confirmation email,526,0,1,0,0,0,1,1,1
Test data synchronization in user dashboard when user inputs special characters to ensure data is encrypted for security,527,1,1,0,0,0,0,0,1
Ensure session management in user profile when user is logged in to ensure the session is terminated after inactivity,528,0,0,0,0,1,0,0,1
Test data synchronization in transaction history when the system is under heavy load to ensure user is redirected to the homepage,529,1,0,1,1,1,0,0,0
Check data export in product listing when user inputs special characters to ensure the transaction is processed within 2 seconds,530,0,1,1,1,0,1,0,0
Ensure email notification in checkout page when internet connection is slow to ensure user receives a confirmation email,531,0,1,0,1,1,1,1,1
Check password reset in user profile when there are multiple sessions to ensure access is denied,532,0,1,0,0,0,0,0,1
Verify report generation in product listing when user inputs special characters to ensure data is encrypted for security,533,0,0,1,0,1,1,1,1
Validate report generation in order summary when user has admin privileges to ensure user receives a confirmation email,534,1,0,0,0,0,1,1,1
Ensure session management in settings page when user is navigating from the homepage to ensure the transaction is processed within 2 seconds,535,0,0,1,0,1,0,1,0
Assess login functionality in transaction history when input data is invalid to ensure data is encrypted for security,536,1,1,0,0,0,0,0,1
Validate password reset in user profile when user is navigating from the homepage to ensure access is denied,537,1,0,1,1,1,0,1,0
Validate payment processing in user profile when internet connection is slow to ensure the transaction is processed within 2 seconds,538,0,0,1,0,0,1,1,0
Ensure data export in user profile when user is logged in to ensure data is correctly saved,539,1,0,1,0,0,0,1,1
Validate email notification in order summary when user is logged in to ensure data is correctly saved,540,0,0,1,1,0,1,1,0
Test login functionality in order summary when user is navigating from the homepage to ensure data is correctly saved,541,0,0,0,1,1,1,0,1
Test report generation in product listing when input data is invalid to ensure data is correctly saved,542,1,0,0,0,0,1,0,1
Ensure payment processing in admin panel when user is navigating from the homepage to ensure user receives a confirmation email,543,0,0,0,1,1,1,1,0
Validate login functionality in settings page when user inputs special characters to ensure an error message is displayed,544,1,0,1,1,0,0,0,0
Check report generation in user dashboard when the system is under heavy load to ensure access is denied,545,1,0,0,0,0,0,0,1
Check profile update in user dashboard when user is navigating from the homepage to ensure user receives a confirmation email,546,0,1,1,1,1,1,0,1
Test data synchronization in settings page when user has admin privileges to ensure data is encrypted for security,547,1,0,1,0,1,1,0,0
Test data export in order summary when user inputs special characters to ensure an error message is displayed,548,1,1,1,1,1,0,1,0
Check password reset in product listing when user is logged in to ensure data is encrypted for security,549,0,0,0,1,1,0,1,0
Ensure session management in user profile when user has admin privileges to ensure user is redirected to the homepage,550,1,0,1,0,1,1,1,1
Validate payment processing in transaction history when internet connection is slow to ensure an error message is displayed,551,1,0,1,1,1,1,0,0
Assess payment processing in user profile when the system is under heavy load to ensure an error message is displayed,552,1,0,0,1,0,0,1,1
Check search functionality in product listing when user is navigating from the homepage to ensure the session is terminated after inactivity,553,1,0,0,0,0,1,1,1
Test search functionality in landing page when input data is invalid to ensure data is encrypted for security,554,1,1,0,1,0,0,0,1
Test file upload in order summary when user is navigating from the homepage to ensure data is correctly saved,555,0,1,1,1,0,1,0,1
Ensure profile update in settings page when there are multiple sessions to ensure user is redirected to the homepage,556,1,0,1,0,0,0,0,0
Ensure user registration in landing page when user inputs special characters to ensure user is redirected to the homepage,557,0,1,0,0,1,0,1,0
Test email notification in help center when user is logged in to ensure data is encrypted for security,558,1,0,1,0,0,1,0,1
Check report generation in product listing when internet connection is slow to ensure an error message is displayed,559,0,1,1,1,1,1,1,0
Verify data export in settings page when user is navigating from the homepage to ensure access is denied,560,0,1,1,0,0,0,1,1
Ensure payment processing in order summary when user inputs special characters to ensure user receives a confirmation email,561,1,1,1,0,0,1,1,1
Test user registration in user dashboard when the system is under heavy load to ensure access is denied,562,0,1,1,1,0,1,1,0
Validate report generation in landing page when there are multiple sessions to ensure user is redirected to the homepage,563,1,1,0,0,1,1,0,0
Test search functionality in checkout page when input data is invalid to ensure data is encrypted for security,564,1,0,0,0,1,0,0,0
Ensure password reset in user dashboard when the system is under heavy load to ensure data is correctly saved,565,0,0,1,0,0,0,0,0
Validate session management in settings page when user has admin privileges to ensure an error message is displayed,566,0,1,1,0,0,1,0,0
Verify payment processing in landing page when user is navigating from the homepage to ensure data is correctly saved,567,1,1,0,1,0,0,0,1
Test payment processing in order summary when user is logged in to ensure access is denied,568,0,0,0,1,0,0,0,1
Assess search functionality in product listing when user has admin privileges to ensure data is correctly saved,569,0,1,0,0,1,0,1,0
Verify data export in landing page when user has admin privileges to ensure an error message is displayed,570,0,0,0,1,1,0,0,1
Test data export in product listing when user is navigating from the homepage to ensure an error message is displayed,571,0,0,0,1,0,0,1,1
Test password reset in transaction history when user inputs special characters to ensure the session is terminated after inactivity,572,1,0,1,0,0,0,1,0
Verify login functionality in product listing when input data is invalid to ensure data is correctly saved,573,0,1,0,1,1,1,1,1
Check report generation in product listing when internet connection is slow to ensure the session is terminated after inactivity,574,1,0,0,0,1,0,1,0
Verify search functionality in order summary when user is logged in to ensure user is redirected to the homepage,575,1,0,0,0,1,1,0,1
Verify user registration in admin panel when the system is under heavy load to ensure an error message is displayed,576,1,1,1,0,1,0,0,0
Check file upload in user dashboard when there are multiple sessions to ensure the transaction is processed within 2 seconds,577,0,0,1,1,1,1,0,0
Check login functionality in landing page when the system is under heavy load to ensure the session is terminated after inactivity,578,1,0,1,1,0,1,1,0
Ensure data synchronization in order summary when user has admin privileges to ensure the session is terminated after inactivity,579,1,0,1,0,1,0,0,1
Check data export in checkout page when input data is invalid to ensure data is encrypted for security,580,1,1,0,1,0,1,0,0
Check session management in user dashboard when there are multiple sessions to ensure user is redirected to the homepage,581,0,0,0,1,1,0,1,1
Validate user registration in order summary when user is logged in to ensure an error message is displayed,582,1,1,1,1,0,1,1,0
Test login functionality in transaction history when user inputs special characters to ensure user receives a confirmation email,583,0,1,0,1,0,1,0,1
Verify user registration in landing page when internet connection is slow to ensure data is encrypted for security,584,1,0,1,0,1,0,0,1
Validate payment processing in settings page when user is navigating from the homepage to ensure user receives a confirmation email,585,1,0,1,1,0,0,0,0
Ensure password reset in admin panel when user inputs special characters to ensure user receives a confirmation email,586,0,1,1,0,1,1,0,1
Validate search functionality in order summary when user has admin privileges to ensure the transaction is processed within 2 seconds,587,1,1,1,0,0,0,0,0
Validate session management in transaction history when user has admin privileges to ensure user receives a confirmation email,588,0,0,1,0,1,0,0,0
Validate user registration in settings page when input data is invalid to ensure the session is terminated after inactivity,589,0,1,0,0,1,1,1,1
Validate search functionality in user dashboard when the system is under heavy load to ensure the transaction is processed within 2 seconds,590,1,1,0,1,0,1,0,0
Ensure session management in user profile when user has admin privileges to ensure data is encrypted for security,591,0,0,0,0,1,1,1,1
Verify email notification in user profile when user is navigating from the homepage to ensure user receives a confirmation email,592,0,1,0,1,0,0,0,1
Test data export in checkout page when there are multiple sessions to ensure user receives a confirmation email,593,0,0,1,0,1,1,0,0
Check profile update in admin panel when input data is invalid to ensure user receives a confirmation email,594,1,0,1,1,0,0,0,1
Ensure data export in user profile when input data is invalid to ensure the session is terminated after inactivity,595,1,1,0,1,1,0,1,1
Check data synchronization in product listing when there are multiple sessions to ensure an error message is displayed,596,1,1,0,0,0,1,1,1
Assess search functionality in checkout page when internet connection is slow to ensure the session is terminated after inactivity,597,1,1,0,1,0,1,1,1
Test profile update in user dashboard when input data is invalid to ensure data is correctly saved,598,1,1,1,1,1,0,0,1
Validate email notification in user dashboard when internet connection is slow to ensure user receives a confirmation email,599,0,0,1,0,0,0,0,1
Ensure data export in admin panel when input data is invalid to ensure an error message is displayed,600,1,0,0,0,1,1,1,1
Test login functionality in admin panel when there are multiple sessions to ensure an error message is displayed,601,0,0,1,1,0,0,1,0
Check data synchronization in user dashboard when user has admin privileges to ensure the session is terminated after inactivity,602,1,1,1,1,1,0,1,1
Validate search functionality in order summary when there are multiple sessions to ensure data is correctly saved,603,0,0,0,0,1,0,0,1
Ensure email notification in admin panel when user has admin privileges to ensure access is denied,604,1,0,0,1,1,0,1,0
Ensure user registration in transaction history when there are multiple sessions to ensure data is encrypted for security,605,0,1,0,1,0,1,0,0
Validate profile update in admin panel when internet connection is slow to ensure the session is terminated after inactivity,606,1,0,0,0,0,0,1,1
Test data synchronization in checkout page when input data is invalid to ensure user receives a confirmation email,607,1,1,0,1,0,0,0,0
Test data synchronization in transaction history when user inputs special characters to ensure an error message is displayed,608,0,1,1,1,1,0,0,0
Verify report generation in transaction history when user has admin privileges to ensure access is denied,609,1,0,1,0,0,1,1,0
Ensure session management in landing page when internet connection is slow to ensure an error message is displayed,610,0,1,0,0,1,0,1,0
Ensure login functionality in product listing when input data is invalid to ensure an error message is displayed,611,1,0,0,1,1,0,0,1
Test report generation in help center when input data is invalid to ensure user receives a confirmation email,612,0,1,1,0,1,1,0,1
Test password reset in user profile when user inputs special characters to ensure user is redirected to the homepage,613,1,1,0,1,0,1,0,0
Verify login functionality in user dashboard when internet connection is slow to ensure user is redirected to the homepage,614,1,0,1,1,1,1,0,1
Assess user registration in product listing when the system is under heavy load to ensure user is redirected to the homepage,615,0,1,1,1,1,0,1,0
Verify search functionality in user profile when the system is under heavy load to ensure the session is terminated after inactivity,616,1,0,0,1,1,0,0,1
Test search functionality in checkout page when there are multiple sessions to ensure user is redirected to the homepage,617,1,0,1,1,0,0,1,1
Test report generation in product listing when user inputs special characters to ensure data is correctly saved,618,0,0,0,1,1,1,1,0
Ensure file upload in user dashboard when user inputs special characters to ensure data is encrypted for security,619,0,1,0,1,0,1,0,0
Verify data export in landing page when there are multiple sessions to ensure the transaction is processed within 2 seconds,620,0,0,1,0,0,0,0,1
Validate profile update in user dashboard when user is logged in to ensure user receives a confirmation email,621,1,0,1,1,1,1,1,0
Validate session management in landing page when there are multiple sessions to ensure data is correctly saved,622,1,1,1,0,1,1,1,1
Check session management in landing page when user has admin privileges to ensure an error message is displayed,623,1,1,0,0,0,1,0,1
Test profile update in settings page when there are multiple sessions to ensure access is denied,624,0,0,0,0,0,0,0,1
Test file upload in checkout page when there are multiple sessions to ensure data is correctly saved,625,1,0,0,1,1,1,1,1
Check user registration in admin panel when user inputs special characters to ensure user is redirected to the homepage,626,0,1,0,0,0,1,1,1
Validate payment processing in order summary when internet connection is slow to ensure user receives a confirmation email,627,1,1,1,0,0,1,1,1
Ensure session management in help center when user inputs special characters to ensure user receives a confirmation email,628,1,1,0,1,0,1,0,0
Ensure data synchronization in settings page when user inputs special characters to ensure user is redirected to the homepage,629,1,0,0,0,1,0,0,0
Verify email notification in product listing when input data is invalid to ensure an error message is displayed,630,1,1,1,1,0,1,1,1
Ensure payment processing in user dashboard when user has admin privileges to ensure user receives a confirmation email,631,1,0,1,0,1,0,0,0
Ensure file upload in landing page when input data is invalid to ensure user receives a confirmation email,632,1,0,1,0,1,0,1,1
Test payment processing in settings page when user inputs special characters to ensure user receives a confirmation email,633,0,0,0,1,0,0,0,0
Check session management in settings page when there are multiple sessions to ensure the session is terminated after inactivity,634,0,1,0,0,0,0,0,0
Test payment processing in settings page when input data is invalid to ensure the session is terminated after inactivity,635,1,1,1,0,1,1,1,0
Assess profile update in checkout page when user inputs special characters to ensure data is correctly saved,636,0,0,1,1,1,1,0,1
Test password reset in order summary when the system is under heavy load to ensure data is correctly saved,637,0,0,0,1,1,1,1,1
Ensure payment processing in order summary when the system is under heavy load to ensure user receives a confirmation email,638,0,1,1,1,0,1,0,1
Test payment processing in order summary when there are multiple sessions to ensure access is denied,639,0,0,0,1,0,1,0,1
Validate payment processing in help center when there are multiple sessions to ensure data is correctly saved,640,0,1,1,0,1,0,1,0
Check email notification in settings page when input data is invalid to ensure the transaction is processed within 2 seconds,641,1,1,0,0,0,0,0,1
Verify data export in checkout page when input data is invalid to ensure data is encrypted for security,642,1,1,1,0,0,1,1,1
Assess report generation in checkout page when there are multiple sessions to ensure the session is terminated after inactivity,643,0,0,1,0,0,1,1,1
Ensure data export in transaction history when input data is invalid to ensure the session is terminated after inactivity,644,0,1,1,0,0,0,0,0
Assess payment processing in landing page when user inputs special characters to ensure user is redirected to the homepage,645,0,1,1,0,1,1,1,1
Assess email notification in transaction history when user is logged in to ensure user is redirected to the homepage,646,1,0,1,0,0,1,0,0
Verify password reset in settings page when user inputs special characters to ensure user is redirected to the homepage,647,1,1,1,1,1,1,0,1
Test report generation in landing page when input data is invalid to ensure an error message is displayed,648,1,0,0,0,1,0,0,1
Assess session management in user dashboard when input data is invalid to ensure the transaction is processed within 2 seconds,649,0,0,1,1,1,1,1,1
Verify password reset in order summary when the system is under heavy load to ensure data is correctly saved,650,1,1,1,1,0,1,0,1
Validate profile update in user dashboard when there are multiple sessions to ensure access is denied,651,1,0,1,0,0,0,1,1
Assess payment processing in admin panel when user inputs special characters to ensure the transaction is processed within 2 seconds,652,1,0,1,1,1,1,1,0
Ensure data export in order summary when user is logged in to ensure an error message is displayed,653,1,0,1,1,0,1,1,1
Check user registration in product listing when user is logged in to ensure data is encrypted for security,654,1,0,1,0,1,0,1,1
Verify session management in transaction history when user inputs special characters to ensure the session is terminated after inactivity,655,1,0,1,1,0,1,0,0
Validate email notification in user dashboard when the system is under heavy load to ensure user receives a confirmation email,656,0,1,1,1,1,1,0,1
Assess login functionality in landing page when there are multiple sessions to ensure access is denied,657,1,1,1,0,1,0,1,0
Assess data export in user dashboard when there are multiple sessions to ensure access is denied,658,0,1,0,1,0,0,1,1
Validate data export in transaction history when user is logged in to ensure the transaction is processed within 2 seconds,659,1,0,1,0,1,0,1,0
Validate file upload in product listing when user inputs special characters to ensure the transaction is processed within 2 seconds,660,1,1,1,0,0,0,1,0
Ensure email notification in help center when internet connection is slow to ensure an error message is displayed,661,1,1,0,0,0,1,1,1
Check search functionality in user dashboard when user is navigating from the homepage to ensure data is encrypted for security,662,1,0,1,1,0,1,0,0
Assess session management in user profile when internet connection is slow to ensure user receives a confirmation email,663,1,1,0,1,1,0,0,0
Ensure login functionality in order summary when the system is under heavy load to ensure an error message is displayed,664,0,0,0,1,0,1,1,1
Check session management in checkout page when input data is invalid to ensure an error message is displayed,665,0,0,0,0,0,1,1,0
Ensure data export in checkout page when user is logged in to ensure an error message is displayed,666,1,1,0,1,1,0,0,0
Test payment processing in user dashboard when the system is under heavy load to ensure data is correctly saved,667,0,1,0,0,0,1,0,0
Check data export in landing page when the system is under heavy load to ensure access is denied,668,1,1,0,0,1,0,1,0
Ensure profile update in help center when input data is invalid to ensure user is redirected to the homepage,669,1,0,1,1,1,0,1,0
Ensure report generation in order summary when user has admin privileges to ensure user receives a confirmation email,670,1,0,1,1,0,1,1,1
Test password reset in user profile when input data is invalid to ensure an error message is displayed,671,1,1,1,0,1,0,0,1
Check user registration in user dashboard when input data is invalid to ensure an error message is displayed,672,1,1,1,1,1,0,0,0
Ensure profile update in transaction history when user has admin privileges to ensure user is redirected to the homepage,673,0,1,0,0,1,0,0,1
Verify payment processing in transaction history when the system is under heavy load to ensure the transaction is processed within 2 seconds,674,0,1,1,0,0,0,1,0
Ensure report generation in transaction history when there are multiple sessions to ensure user is redirected to the homepage,675,1,1,1,0,1,0,0,0
Test password reset in admin panel when there are multiple sessions to ensure the session is terminated after inactivity,676,0,0,1,1,0,0,1,1
Check password reset in transaction history when user has admin privileges to ensure data is correctly saved,677,1,0,0,1,0,1,0,0
Check search functionality in checkout page when user is navigating from the homepage to ensure access is denied,678,0,0,1,0,0,1,1,0
Check profile update in checkout page when user is logged in to ensure data is correctly saved,679,0,0,0,1,0,1,0,1
Check login functionality in landing page when user inputs special characters to ensure the transaction is processed within 2 seconds,680,0,0,1,0,1,0,1,1
Check file upload in order summary when user is navigating from the homepage to ensure user receives a confirmation email,681,0,1,1,0,0,0,0,1
Ensure profile update in checkout page when the system is under heavy load to ensure the transaction is processed within 2 seconds,682,1,0,1,0,1,0,1,1
Ensure email notification in user profile when internet connection is slow to ensure an error message is displayed,683,0,1,1,0,1,1,0,1
Check payment processing in product listing when user is logged in to ensure the transaction is processed within 2 seconds,684,1,0,1,0,0,1,0,0
Verify data export in settings page when input data is invalid to ensure the session is terminated after inactivity,685,0,0,1,0,1,1,0,0
Assess data export in checkout page when there are multiple sessions to ensure the session is terminated after inactivity,686,0,1,0,0,1,1,0,0
Assess file upload in settings page when internet connection is slow to ensure an error message is displayed,687,1,0,1,1,0,1,1,1
Verify email notification in settings page when input data is invalid to ensure data is encrypted for security,688,1,0,1,1,1,0,0,0
Verify file upload in transaction history when internet connection is slow to ensure user is redirected to the homepage,689,1,1,0,1,1,1,0,1
Ensure login functionality in help center when user has admin privileges to ensure data is encrypted for security,690,0,0,1,0,0,0,0,0
Test password reset in help center when input data is invalid to ensure the transaction is processed within 2 seconds,691,0,1,1,0,0,1,0,1
Assess session management in order summary when user has admin privileges to ensure an error message is displayed,692,1,0,1,1,0,1,0,0
Validate file upload in help center when user has admin privileges to ensure an error message is displayed,693,0,0,1,1,0,1,1,0
Validate profile update in user dashboard when internet connection is slow to ensure the session is terminated after inactivity,694,0,1,1,0,0,0,1,1
Check session management in order summary when user inputs special characters to ensure an error message is displayed,695,0,0,1,1,0,0,1,1
Validate payment processing in transaction history when user inputs special characters to ensure the session is terminated after inactivity,696,1,0,1,1,1,1,0,1
Assess user registration in help center when user is logged in to ensure the session is terminated after inactivity,697,0,1,0,1,0,0,0,1
Assess payment processing in checkout page when user inputs special characters to ensure an error message is displayed,698,0,0,0,0,1,1,1,1
Ensure data export in order summary when there are multiple sessions to ensure access is denied,699,0,1,1,1,0,0,0,1
Assess login functionality in help center when there are multiple sessions to ensure the transaction is processed within 2 seconds,700,0,0,1,1,1,0,1,0
